word_id,word,up_votes,down_votes,author,definition
9394,KUC,4,7,1c4f9de4,Kick your Cat !!!
18674,kalai,15,28,fe206721,A cat.
21838,Jeph,30,20,76d18e30,One cool cat.
28315,Kupalupadup,9,10,513f0f79,A bitch that fucks Vampire Cats
28762,Meowta,0,0,fe7f06a,A cat-girl's play on MOTA
36414,dookie,66,72,90d474b7,a piece of wet cat shit
40804,phunxion,1,3,a0efa70d,the coolest cat in the cave
48163,fachino,3,2,a6c97ba3,another word for pussy cat
52953,catness,15,13,ef7a662c,being cat like
53435,thai ho,8,32,a6c97ba3,slut cat
65509,sp03,1,1,db7db4b4,sp03:goulies as catnip:cats
68347,Scnigey,7,2,80ba74a4,An extremly dysfunctional cat whisker.
81261,Cat Marr,0,3,19de25da,Smelly Cat
87273,pussy,512,277,84ff02b,another name for a cat
98430,Infusion,2,9,f74be5ea,Copy-cat; self-bragging person;Being an Infusion...
101303,lick,0,6,73ef3bcb,see [Zeek-The-Cat]
101367,baka neko,9,2,a6c97ba3,stupid cat. also a website.
107445,mulva,16,99,45f05da8,an evil cat with no soul.
114376,Gladyator,0,9,caa54396,Male alligator feeding only on cat.
116031,fat cat,13,51,3ca26152,a fat cat
118916,Hercamer,6,7,99a48748,A cat.
119087,kittah,72,48,2b4dd39f,The new way to say cat
119468,Dim Sim,17,85,f90e4dc9,Cat.
125224,mouschi,4,45,bad88da2,"that motherfucking,raped,gay, cat"
131629,StubS,12,12,a6c97ba3,cat with no tail
140249,Rav0r,3,11,119ca07,The biggest and baddest cat around
150064,throgmorten,8,3,4bf6f2de,an evil cat
152292,mahtob,15,23,c538334a,A crazy cat!
153858,shablat,3,1,508eefb8,the sound of a cat explosion
162397,shermanator,28,142,20f64aa9,a very cool cat named valorie
164802,big pussy,105,52,79b7cdbc,A large cat
184834,lemon pie,5,54,4d8df058,why dont you ask my cat
194124,shitbox,39,27,240688e,The cat's litter box
198459,Ry,37,77,a3bc3c24,"Cat Killer, avid radio 4 listener."
199845,Kamineko,21,5,7bd88d17,"Literally, 'biting cat.'"
202799,Arigato,61,180,c54a1207,Spanglish for 'hairy cat'
218785,stoopidcat,1,7,8e5fc04a,blue cat floating over a frisbee
219134,checkerhead,20,11,eb2acfe0,a tortoiseshell colored kitty cat
221428,Evil Canadian,17,20,f1718841,A really cool cat
222076,Gelloko Cats,6,1,ce3c770,Snooping Cats
223603,mow the lawn,38,69,a6c97ba3,yam the cat
232230,spliffed,4,32,9778ab50,a cat in manchester england
232751,idali,11,7,a6c97ba3,tube-cat!
237446,Cat Melojin,2,2,33109579,also see 'cat'; 'shitemelodeon'.
244812,meow,33,34,1f4407d1,the sound my cat makes
245351,bardesly,4,4,ea5fd6ef,"cat rapists, to rape a cat"
252075,moggee,2,2,3848d7ec,the name of alyce's three-legged cat
255672,Gert,21,48,809a5e6e,a cat's anus
255677,Doida,7,5,809a5e6e,a cat's anus
257955,Gato,141,35,a3027a4b,Cat in spanish...
263981,socks,50,43,68931fb4,proper noun: Former president Clinton's Cat.
265818,Sebbie,40,15,79b2b9b1,A very cool cat.
272518,cat sucker,7,10,f9400ca3,An ugly ho that sucks cats.
285698,spht,1,2,77059c96,See [word]Cat[/word].
300705,kipher,2,7,1752740,my cousins cat
304261,pussy-wussums,8,5,1b9a8e98,bizarre calling to a cat!!
310989,chibi neko,14,3,54fa0460,A small cat
314839,wet pussy,2345,1408,bb99ae0b,A cat soaked in water.
315408,Pussy Goblin,62,66,a6c97ba3,One who craps on cats.
315552,Sweetnic,8,2,a2401486,A cat or a kitten
318161,tuli,14,70,b9fb0ce1,it is a cat
325595,eixip,2,0,4b6137c6,my cats name backwards
330457,lil key key,17,8,5bb17ab5,[Bam Margera]'s cat (now deseaced).
348272,mittens,29,60,b529c7c8,My parent's gay cat
352882,Kard,4,9,741e11d8,a cats asshole
358278,eboo,6,20,987ebfa,The name I call my cat
361089,catpants,44,15,92448733,Pants wherein are residing cats
362243,Choo-Choo,6,13,df92368f,"A boneless, furless, amorphus cat."
367170,puma,29,38,693a53b3,"a big cat, like a lion"
380031,Marana,2,24,93ec3ce4,See Cat town
382387,skippy,5,18,e562c46f,A common house cat
383397,Kliban Cat,14,5,70eb2e51,A cat drawn by B. Kliban.
398916,lil key key,15,7,d5e6923,bam margera's cat
404276,Azrael,62,19,e62aaac6,Gargamel's cat on [Smurfs]
406472,shitcockmotherfucker,23,17,a4f3b605,The name of my cat!
412283,Sumi,20,57,b962933c,My cat <shrugs>
412711,buffum,9,3,6fced296,Greek goddess of the cats.
447771,neko,226,101,bf716db7,Japanese for cat. Simple as that.
449331,liverlips,7,27,1113c917,a fussy cat.
469597,Kilcher,22,8,924be14e,A feisty black cat
491053,nantucket sleigh ride,12,84,4bac804d,sex with [cat meat]
527391,CSC,6,42,d2698e32,see: [Cat-String Complex]
557260,persian,124,122,65cade81,Has to do with cats. Lions.
562239,Coyneee,4,19,c834d31b,To be a cat.
567921,motor,12,23,35232e17,a cat's purr
587217,Catplug,2,6,88db2782,A cat's rectal area
591136,kinfolk hank,5,3,b1ba36e1,Throwed cat! Boy go hard!
592664,CU8M,7,9,9537a861,Cat Unit 8 Mobile
605099,WoFat,1,5,249a58e2,"a fat, dumb cat"
605104,wofat,2,5,249a58e2,a super fat cat
616475,lumphead,5,12,9d07b49d,"a cat, feline"
634125,Gatto,25,9,8ec55bec,<Italian> Gatto ;; <English> Cat
639173,stuv,4,6,405ab0cf,any reference to a cat.
652279,twilight,70,135,3f3a56b5,Morley's cat.
654319,Sparkey,8,18,17aa9f7a,Good name for a cat.
676684,loki,65,65,3c9aa581,my cat! also a norse god
700995,vindelicet,3,5,2e8dfd3a,A cat eater...
739281,mobile meatball,5,1,8419b386,A small fat dog/cat
764157,smokey,16,51,b1226322,The name I call my cat.
765813,pookie,649,485,9b3bf43d,garfield that cat's stuffed bear.
769521,moggies,25,6,79e5ad5d,English for several (or more) cats
772724,dildo,290,119,1b1f12d3,Cartman's Cat in [South Park]
773705,cathouse,104,20,d8ba704c,A [brothel]. ;; Pussy (vag)= cat
791279,Cat Packer,4,18,5fa33bc0,Some one who packs cats
825357,Miky,14,19,a2e74778,Miky: I'm a white cat!
868364,woem,54,17,bb0b6a1a,This is a dyslexic cat
901041,Midnight,11,21,660775b7,One of Evil_Moogle's darker colored cats.
906411,Tittles,17,19,9f9d59fb,The name of a constipated cat.
910276,Cuten,11,7,214bbd92,Nickname for a cute kitten/cat.
913849,Snuffkin,5,9,e02d45e,Sam Black's cat! Much abused!
924216,leldil,7,3,26a36d53,"slang for cat, pussy"
974487,feline,212,61,9c92d597,Another name for a [cat].
1002198,gaat,3,19,bbddc418,Greek slang word for cat
1010598,Catist,20,8,845ffdc4,An individual who discriminates against [cat]s.
1015122,lunch,178,55,946de4a4,Michael Riversongs cat
1059000,el gato,10,9,9f2fd0cf,mummified cat in harvard MA
1078659,Dirt Flower,5,2,d2a4fd68,A cat's poop residued arsehole.
1089963,fuzz bucket,17,8,1893ec81,"An enormously furry, trashy stray cat."
1092771,cataver,3,0,bdf1ec9,A recently dead cat.
1098750,Mao Tse-Tung,94,386,62beed1,"Meow Satan,Satan's cat!"
1120528,Cabit,8,10,b5ef12c7,Half Cat half rabbit ;; [kurflufflers]
1130056,Afrocat,10,6,d006a476,The coolest cat ever
1132959,g front,10,38,72ef8528,acting like your a hip cat.
1145488,kali,49,185,fe89c734,The most beutifull cat ever!!
1161993,chat,62,82,623b458,this is the french for cat
1198332,rat monkey,8,4,14cf6375,A misbehaving house[cat].
1216976,Slim,12,48,3a1729f6,A really cool cat in california
1237820,booloo,20,34,f317283d,my cats nickname is booloo
1270992,coon,17,31,9503cabc,A spade cat. A colored guy.
1279596,purrfluff,3,6,403ad6be,a cat....a pussy cat
1339984,nekomimi,73,21,3b3d875c,cat ears (on a girl)
1408091,Tiger,262,137,2e4bb019,A very nice cat............
1421348,=^..^=,41,25,f67ec0a8,an emoticon for a kitty cat
1427584,morange,19,21,d09ba056,Another term for an orange cat
1442382,bibber,5,13,1168c43b,A cute female kitty cat.
1508191,kitter,35,19,680c14e0,Another word for cat.
1509460,gurfb,3,3,5e9abf54,the extreme hatred of cats.
1514801,leg benders,24,4,15f727f4,Knees ;; -Originated from VG Cats
1558303,Catonese,53,28,4b851d82,The official 'language' of cats.
1579625,doodads,5,22,32111839,Feline (Cat) Testicles
1638261,Capt'n Pee Pee,8,11,e37d92b2,"A non-housebroken animal, usually a cat."
1732247,Ringamatoo,0,0,cb283d33,"A Cat's penis, willy, dick, weiner"
1750915,Nincy Bug,3,4,ba63f24a,slang for kitten or cat
1833489,kitters,23,9,30568fc3,a beautiful or very cute cat
1844225,Gorshbobingob,1,0,4f7b1be6,Pubic hair of a cat.
1858622,pew,18,88,4ecb77f,The sound a confussed cat makes
1863501,parakitamol,1,2,d873d47,Headache remedy for a cat.
1867727,kitlers,9,4,fbd86aab,Cats that look like Hitler!
1868046,Ena,30,40,e6ea5e31,the coolest cat in the world.
1872679,Neko,70,48,71df549,Meaning a Cat in japan
1879603,speed hacks,20,13,766191b,See Cardboardfox (A really cool cat)
1889290,Mr Bojangles,25,55,ba5a67b9,an overly large extremely fat cat
1909232,vixen,9,89,c490e30,A sexy lesbian slutty cat.
1939321,=^._.^=,69,54,7470fec0,=^._.^= ;; A cat face
1944393,katze,9,16,61494e04,"A Dutch, it means cat."
1983009,raqna,3,0,6966edec,raqna is a cat-like creature
1989404,Cat Blast,15,9,6e1e4179,Cat Blast is Cat Shit.
1991889,i'll kill that cat,12,29,92d551d7,"ill stab that cat,"
2013959,pat,311,235,f2eb5162,The coolest cat in town.
2023799,hawk,5,15,1d369034,"To vomit, especially cats."
2062471,poovert,3,2,51be07ea,an excessive cat shaver
2110129,Kittyfriend,2,0,5c590519,Cute way to say cats
2118975,catses,22,9,896801b8,Two or more groups of cats
2175564,=(^ ^)=,48,12,1b6abecf,its teh kitty cat ^^
2204637,murr cat,10,20,374dc89,"a retarded, furless cat"
2214967,plinka,2,6,2fa1bb58,a male cats genitalia
2241959,Moocky,1,2,1ed2d830,An extremely fat cat.
2248733,Moocky,9,1,1ed2d830,An extremely fat cat.
2311357,Wish Granting Cat,10,9,64aff2a3,A cat who can grant wishes
2327693,kitterkins,3,2,c2fd3c57,"A really cute, sweet, precious cat."
2353413,=^^=,26,8,e9103065,A kitty-cat smiley face.
2353549,micio,10,6,15baf0e1,italian tender word for cat
2354690,pussy,25,124,afaddb64,"my pussy cat, meow meow meow"
2368104,Foosie,7,14,21d8d84f,A cat. Especially a cute one.
2369316,AZN,9,14,ff95d111,asian... duh... look at the cat
2436112,Frutzer,9,2,bc6d154f,A dirty pussy cats arsehole
2441374,eat pussy,294,511,5c5e692d,the act of eating a cat
2462770,Starfish,13,33,e3a17a96,the anus of a house cat
2555586,gib cat,2,1,be593bc9,A castrated male cat
2570728,curiosity,91,49,dcf76f97,Something that kills cats.
2585770,pussy panties,8,24,8d9ef1cb,panties made out of cat fur.
2592171,shizzleslug,15,1,bbe04fc3,"cool cat, idol, kick ass, siq"
2645563,CSI,7,8,de4f4bf1,Cat Smack International
2646639,katool,1,1,56d98f78,Means 'cat' in Hebrew.
2651546,scooby snacks,11,73,5cd64088,when a cat licks it genitals
2687599,cax,5,8,f988e16a,(v.) To write a CAT paper
2695974,Sonomaa,0,4,285b5e23,Son of a meowing ban cat
2705721,Wompus Cat,32,16,8314ed3e,a really fuckin big cat.
2727828,E.A.B.C.O.S,2,3,221a1308,Eat A Bitch Cat or Something
2730065,jookmiff,2,0,a0caa84c,to milk Cats nipples
2734214,belgium,39,109,ec2e8dfc,A place where people milk cats.
2745828,(     ) ( o.o ) (     ),15,13,5512d564,A surprised cat or kitten.
2758882,meowsauce,9,2,589d930d,vomit coming from a cat
2761572,flirf,1,21,b0037c6c,A nickname for cats.
2781176,flugwad,0,0,562d75ac,A gay or lesbian cat
2782837,cat urine,51,7,55591e5c,The liquid waste of a cat
2797727,catizzle,5,0,9bf8d0fd,catizzle means male cat
2814977,Faca,4,10,dfe3477e,Fat ass cats of america
2820340,catbook,8,1,5f6ead5b,"it's facebook, but for cats!"
2828073,^-.-^J,41,11,c021d2bb,It's a cat scuba diving.
2883383,ankle polisher,2,0,9ede66ec,"A cat, especially a friendly one."
2928472,kizmit,13,32,9f309267,another word for faith...also my cat
2951858,lume-lume,0,0,65765a36,"A kitten, or baby cat."
2955348,cheesing,13,17,43028d3b,getting high off sniffing cat urine.
2955367,cheesing,5,8,52d3e8dd,Tripping balls off of cat piss.
2955382,cheesing,5,16,940611c,Getting high off of cat urine.
2955384,cheesing,11,31,940611c,Getting high off of cat urine.
2955395,piss weed,11,11,35d0db03,getting high of off cat piss
2955398,cheesing,2,34,9b802fd5,Drinking cat piss to get high.
2955712,cheesing,2,11,c982f5b8,Tripping on cat urine.
2955811,cheesing,9,16,ce7f5c31,sniffing cat urine to get high.
2956061,Humza,87,57,5446d5bb,A very strong but wild cat...
2956062,Humza,114,59,5446d5bb,A very strong but wild cat...
2981147,catted,43,50,e0ce9278,Copied. As in copy cat.
2997301,Nillion,2,7,230a3ecd,Some cool ass cats from Milpitas.
3004634,Caat,4,4,30d3d474,Like a cat but longer.
3064838,kowalski,10,49,c19afbf4,an unrepentent cat toy breaker
3106159,flintook,0,1,31e224fc,A synonym for the word 'cat'.
3142493,ceiling karl,2,3,b367358,Karl-shaped variant of Ceiling Cat
3143092,HENRY,25,77,57d6bfdd,ONE who acts like a cat.
3147687,Ferrol,6,11,2cf518a1,a Cat piss soaked tissue
3183765,FCF,84,39,b79698b9,Fat Cat Fridays
3191851,Merawr,7,1,9d8828d6,A cat and dinosaur combined.
3200916,kaboodle,4,10,92f4d2c3,A cat's butt.
3202451,allouiscious ,4,2,79a863e7,Anything cat-like in appearance or nature.
3203036,catabalism,4,5,b773cd09,to worship dead cats
3203219,Catholic,459,427,3e3e40c3,Someone who is addicted to cats.
3237860,Dot,2,13,27ea4609,Dog X Cat = Dot
3238276,Feline,42,58,68728a4b,A company that manufactures cats.
3274607,Firepie,0,4,10c9030a,name of orange tabby female cat.
3306335,Kitler,23,4,c93c07eb,cats that look like Hitler
3317231,Cheesed,19,58,be1db803,To be high on cat urine.
3324385,Bobcat,86,69,c4b0c7b,A cat who's name is Robert
3341488,FridgeBeard,34,6,4e00e00f,The coolest cat around.
3351138,Rowan,30,109,17d16327,She likes cats
3355282,catstody,2,0,a0072098,custody of a pet cat
3368386,Cat Devestator,4,1,11d667b7,"One who,in any way, pwns cats."
3394522,snarg,28,61,2aa7b31d,A kitten or cat.
3413493,KFC,7,5,f28a7827,korean fried cat.
3435885,Groovy Taco,3,3,9f092cd5,A groovy cat
3457836,meowhead,28,1,ec0405d1,A meowhead is a cat.
3483507,Chessie,27,12,ae2b376d,Cat symbol on train.
3527172,catnigger,14,5,fe18812,A black cat.
3529532,Catophile,3,9,9caa2afa,Someone who rapes kittens and/or cats
3545293,Felime,12,5,85190ab9,Half cat half lime
3557825,lishbo,0,0,204c225e,a human with cat like tendencies
3588572,Kittus,7,1,a752da48,A cat or feline creature
3591805,catnip,137,67,a4f626c0,[crack] for cats
3611407,disana,1,0,f613e1f2,a person that loves cats! ^_^
3619356,yoinkles,4,5,70487ea,cat testicles
3634172,RRT,2,8,abff9ffb,art; cats ;; Pronounced as 'uuuuurrrrrrrrrrrrrrrrrrrrrrrrrrrrrrrhhhhttttt'
3644299,Pussy on the Tracks,10,0,fd16814b,Cats on the subway tracks.
3682354,flumpkins,16,7,c0cd65c6,A demonic cat.
3682384,fuzz beastie,3,0,464fc2b6,Endearment for a cat.
3688201,Cunt,25,85,28978c67,A female cat.
3689670,>^..^<,13,4,c03aa8cd,The emoticon for a kitty cat
3736916,tit,4,11,c7b26d71,a cat
3753913,Purrito,8,27,da8145d5,A burrito for cats!
3783189,Katten,6,3,810c20ea,A Baby Cat.
3794570,Poosh,2,14,621dee89,noun: endearing nickname for a cat.
3795217,Mushkins,2,0,1cb06c24,an affectionate nickname for ones cat...
3804113,kitties and poodles,1,5,f01d406d,cute expression of 'cats and dogs'
3826833,Pussy,469,275,846ae586,A Cat or Kitten
3854013,Cooper McCoops,4,0,b728cff7,Cat on facebook.
3889608,cd,1,11,5a6c1f64,cats ding-dong ;; mmmmmmmmmmm
3915575,caggles,6,1,eab27f4c,Protective eyewear worn by cats.
3924172,teh urfs,3,0,f81472c,What [ceiling cat] hath created.
3928202,Meowcenaries,7,2,da4cb9c0,A cat who fights for payment
3943806,diva,10,23,6960c0ec,a small cat-like human.
3948596,Octile,4,0,d691ea2e,A cat egg
3953975,typhy,4,1,a1838b3a,He's a cat. He mows.
3964295,Snagglepuss,14,8,63b3acb7,A cool and groovy cat.
3975980,poocha,20,4,1f161872,In Malayalam its referred to Cat
4031435,bugly,1,5,6e27c1f1,a beautiful cat
4035659,newt,6,30,4b561ef2,Pooping on a cat
4037193,KFC!,0,5,2dc881be,kane fucks cats
4039711,asquelo,39,10,ce213408,A spanish word meaning Black Cat
4047549,pussyhole,124,85,3915bd2c,A place to burry a cat.
4097797,Rebecca,1510,644,d926ef1,THE coolest cat around
4098856,Catue,3,0,ab0b47e1,Statue of a cat.
4100555,Prince Jasmine,4,1,bcb07b26,the scariest cat on the planet.
4101225,solzx,1,2,a81ebf5f,a blue fur cat
4143203,Cask,7,11,92d7cf10,A cask is a cat dollar.
4145397,Seejer,0,1,bdf18a04,One Cool Cat
4149902,sir dicksalot,2,2,ec8efbb6,simply referring to robert's cat
4152657,Kets,19,14,c9e312b1,Kets! Multiple cats.
4161609,get in my belly,35,41,191b87cf,What I say to my cat.
4179680,Mary Jane,7,3,3d91ad57,My Cat..that smokes catnip joints!
4192646,poop palace,2,0,581a6d42,noun: A cat's litter box
4192804,friskey dingo,6,5,dcf5e36e,cat that bites off your dick
4236744,Boudoo,1,0,70b6d0c1,A cat.
4242531,Catch it,3,13,29f82754,To catch. ;; Pronounciation: Cat-shit
4248636,Phelan,67,37,b6d2d1f5,a totally cool cat.
4279366,Greer Smeed,6,1,817613a4,Greer Smeed means cat pubic hair.
4332167,leteisha yim,5,0,5c1c0c0a,"Cat lover, loves cats, addores kittens,"
4333669,schmooker,0,0,79f8c1f6,After-birth of a cat.
4339292,prowls,2,3,2ecfba1a,Cat sounds
4341792,Brian Nolan,6,1,65d0d682,Cat killing [ejaculating] goose berry.
4347874,Starling,16,9,2f2b90e1,a cool cat
4351889,one eyed gomez,8,1,440dd211,A dog or cat's butthole.
4369743,netto,3,5,6c53b947,A cheap/knockoff neko. Or cat.
4379956,catnicks,0,0,d2e9dbaa,A gay cat.
4394968,cumbrero,0,11,dcf30281,a sumbrero for cats
4403555,Kitten,30,12,164df351,A very young (baby) cat.
4453693,cwmc,0,0,65f6c9db,Chilling With My Cat
4539713,Holygodwtfness,1,1,4f1dee83,Omg... I just saw a cat.
4540413,Cat Nip,123,36,a1dae8fb,Weed for cats.
4563676,S-cat,7,1,6918b1e6,The sweetest cat in town.
4567096,WINNIEPOPS,1,0,526c6c1b,"AFFECTIONATE NAME FOR PET, USUALLY CAT."
4653899,yorkie,125,49,a57990ae,Very expensive cat food.
4711715,Koshechka,0,3,e6396d7e,"Kitty cat, Russian word for cat"
4749254,Flitty,9,31,f81a2fbb,A cat or small cat-like mammal
4768079,Kuhbutzka,24,6,50a6340,A cat sitting on a chair
4768969,average cat,3,2,c6cb7d6b,when your cat is average
4769629,catholic,2397,906,7b851e79,People addicted to cats.
4776184,Mibbens,12,1,497d1629,Name for cats.
4794038,Pouge-narge,4,0,eb5b896e,Another word for a cat.
4800605,Tenuki,1,1,102cdcc0,A cat that teleports.
4801753,catnip,66,44,60372f31,Crack made for cats.
4824588,Cat Flap,1,8,b7755fe,A cats flap
4826796,Original Dog,47,14,794dfe78,The opposite of a copy cat
4832476,pussycat,130,54,9776e1e7,a kitty cat
4842942,Fur Shark,0,0,fd234cc7,MLIA-based definition of the domestic cat.
4843254,liam,154,141,f85d6b76,a man that rapes cats
4845773,Chawls,4,1,79d66354,A big ass black house cat.
4852642,Ricky Albany,4,0,a986d3bc,The coolest cat in town.
4853140,catmule,4,0,e0686191,Stubborn like a cat
4854501,Tigger,25,668,c185e8bc,Large orange snotty cat.
4874010,beddle,3,1,169d04ff,A place where cats sleep
4916687,cattist,2,2,ba2cc325,racism against cats
4926238,keiko,11,48,36d5da27,Another word or name for 'cat'.
4926429,mangy-bone,0,3,fb4b06f4,1. (n) A stray black cat.
4937950,cenis,13,11,529eff4e,A cat penis!
4958713,Cattabil,0,1,9cccb86c,A person who eats cats.
4966017,blitzen,2,2,e60f1f13,a fat ass cat.
4966584,Dwingle,2,2,54eedbf4,to entertain a cat
4979405,shmooof,0,0,5a02c519,i love you cat
4983758,fugfac,5,8,5a927a58,"Fuck you, go fuck a cat"
4994850,Goomba,4,7,eba5d836,"A fat, black cat with dandruff."
5034859,Lundqvist_Vezina,0,0,20e7395e,Cat
5040666,Meoof,4,2,f2c5e19f,A cat who can bark
5049092,senior catizen,0,2,52411054,A really old cat.
5059741,Mwoar,1,1,bb92d034,The noise a monster cat makes.
5073231,Jooge,9,7,de0e8bf2,The cutest cat ever
5085820,catoris,0,3,86d5c393,A Pussy Cat's Pussy
5129060,cattitude,9,4,dd4466f3,The superior attitude of a cat.
5134605,tiggbrother,7,0,dd3e01cf,the most awesome cat ever!
5171768,chigabo,1,3,3ee40099,hayleys cats name
5180804,Kat,21,118,7a2dc500,The way dumbasses spell [cat]
5207834,Levon Malakyan,4,0,5b659074,A MEXICAN CAT.
5212723,catio,4,2,55d03991,A cat patio.
5236923,Mrs. Jumbo,9,0,5a7a4da4,A sexy ass cat
5253029,Nigger-man,35,15,ef926c72,A cat.
5294115,grumpy gills,1,9,726f1845,cat-butt
5298375,Shamsie,1,0,11fdcea7,A cat lady.
5299509,Skank,4,2,4e75a1fa,a female cat
5377779,Steezin',8,4,cbdcec0f,Stylin on cats with eaze.
5409747,ailuric,1,4,703f2483,pertaining to cats.
5416202,Cunting,5,25,9b8a5aaf,The act of hunting cats.
5417449,Almond Rocca,1,2,ac8fcaf,A litter covered cat turd.
5433612,racist bitch,27,2,2956237b,a dog who doesn't like cats.
5434932,GFMC,4,0,47316fde,Acronym for 'Go fuck my cat'.
5493348,whiffenpuff,0,1,7420e9af,A friendly Cat.
5522035,Melli,17,0,31eeca80,The awesomest cutest kitty cat girl!!!!
5528107,Cattery,2,8,b57c04b7,A cat sitting on a Battery
5538724,tori,33,50,f185e1aa,one who loves to eat cats.
5561018,Meowmries,2,2,6f9d1211,Memories...for cats!
5597129,terron,15,61,dee4b10b,Evil Bitch Cat!
5602593,Triangle Ears,3,0,ab624726,An angry cats ears.
5675718,handicat,1,1,29ee09a2,a very 'special' breed of cat
5676208,Myao,2,0,eeae39f4,A strange cat sound
5695775,claeys,5,3,5d15f5ee,a cool cat
5724921,miugga,3,0,cfd89690,how a cat says nigga
5732486,banana chip,2,4,d686b8c8,a cat's asshole
5751041,Catiphilliac,3,0,93bfb4bb,A person obessed with cats.
5807749,Nican,0,1,9b36f6dc,A cat with a grin
5828259,Gutter Buns,3,5,6ac06437,A Cats fat
5840534,Toki Tokerson,0,0,792d02a6,A cat that loves weed
5860615,Nyan Nyan,4,9,4e3ccb38,Pop Tart Cat meme.
5876508,Detective Mittens,4,0,3d99add0,A scary fucking cat.
5879523,Shpeey,1,0,c4198f0c,"Cat, Cats, Kitten, And Kittens"
5885078,whisker fish,5,1,1f8333e8,Any species of cat fish
5920291,winker,5,8,b09822bd,a cats butt
5923173,Beppage,2,0,c703645,Cat swag
5938746,mimow,0,0,a2503280,cat meowing.or nickname
5943252,Anya,102,76,d0d3b8ff,a russian cat
5948184,undercattage,5,0,6c8de65,The underside of a cat.
5951794,Meetbawl,1,2,f7bdc0ff,A faggot of a cat.
5989031,Purr juice,10,7,5807b98f,The result of cats who drool.
5989270,Threlb,0,0,5ba4b625,A good name for a cat...
6009257,pawdicure,657,711,3d66710,Trimming a dog or cats nails.
6019653,Jami,9,27,1417d814,an orange tabby cat
6027553,shigrit,0,1,520644e3,a cats butt hole
6029801,Derpussss,7,9,3cd8b0cb,a faggot cat
6036642,Bomba,8,13,332ba375,Baby cat; Baba Keet; Cat;
6048723,crap slappers,2,1,6a63a46a,A cats paws
6061287,Juno,3,3,35f1fcba,My cat
6067937,Quick Sip,2,1,e520cff,How Cat's drink
6074002,Batatch,0,0,7cf8d58b,A female cat's vagina
6077019,friends,7,0,54290e30,cats
6109812,nigga puddy,0,1,60db5fa8,a black cat
6120539,sea rat,3,2,f49ff309,a soaking wet cat.
6128589,Rachel,18,19,59874b4e,Likes cats but perfers dogs.
6153819,sox,31,11,99517b45,the awesomest cat ever!
6174900,kediak,1,1,8e019f30,Scaredy-cat. Behaving like an absolute girl.
6207309,Nitter,12,4,4cdab45,A cat.
6207648,freash,65,27,d162bedf,A cool cat. Fresher than fresh.
6207855,daweeb,1,5,4230ed6,sexy mountain lyon cat tiger snake
6216134,Foosa,4,3,999a9dda,Weasel Cat
6252194,Flatapus,1,1,2155d0c3,"A flatened cat, eg. road kill."
6270962,sand sausage,2,1,7eed6ade,Cat turds covered with litter
6297745,John Newlan,7,3,fc2599c6,"Fag,Gay,nigger,retard,cat fucker, Wears glasses,bitch"
6330954,Tiger,5,0,524cabca,A big cat
6362272,Wengas,1,2,aaa54f7f,A fat cat on a stove
6369993,Jordan,6,11,57f1d85d,Likes to eat cats
6376986,Kitten,5,2,baaf013a,"Like a cat, but a ninja-in-training"
6458244,delusional,4,7,e0fae2f1,going crazy. cats.
6463796,gak,6,22,5af70fc2,cat or dog vomit
6605440,rcding,0,1,93e3653,Raining cats and dogs
6710469,Quanch,1,0,b9ccda1c,Cat fart
6770104,noncat,16,0,d3577392,That which is not cat.
6781114,Pumpkin Doodle,2,7,353c60c3,Is a cat.
6789859,cattention,3,0,eef6ca52,When a cat wants attention
6795733,ailuruphobia,5,0,6bbf8dab,The fear of cats.
6798003,LMCP,3,1,7e4c7efa,Like my cat picture
6807643,Pussy Pride,7,0,8ec6fa64,Girls=Pussy=Cats=Lion=Pride= PUSSY PRIDE NIGGAS!
6819547,Clyne,10,0,345eee3a,one sly cat
6839852,Jetaroo,1,0,1452004d,My black cat
6926963,kee,16,12,88050d1d,A nickname for a cat.
6933138,catception,2,0,a713b9c9,catception is a cat inception
6939160,Meow,0,3,898d9a5c,Fuck in cat language
6939958,kaboodles,0,5,dd326a59,Another name for cat puke.
6955852,Kwahadi,0,0,94ed412e,Hottest cat lady around.
6960106,Tard,1,0,ecc1ae42,Grumpy Cat
6977532,CHNL,0,0,b23c7dea,Cats have nine lives.
6982414,sandbox submarine,3,0,3bfb04bf,Cat turd.
7086811,Punai,3,1,4ac82a18,Means cat in Tamil.
7087019,ADS,1,0,e9dc1d92,Abbreviation for American Domestic Shorthair cats.
7093383,Weebles,0,1,60c87bf8,Quiana's word for cat balls.
7124579,Avioailurophobia,0,0,320f56b4,The fear of flying cats/kittens
7173275,katzi,0,1,d1e80a11,Means cat in german
7186588,cat-like reflexes,12,3,1ee52e72,Having fast movements like a cat
7206532,kimeth,0,1,94ea9f53,A cats penis
7284866,what cat,3,0,c3ec4327,W...what cat?
7287005,Cat fud,2,0,49e7bf1b,Stuff cats eat.
7296826,grumptapus,0,0,4d03f113,A grumpy pussy cat
7313880,xtux,5,1,b2cf115b,Robot cat thing.
7332476,darani,0,3,4a18d555,"A dirty, little cat or pussy."
7341138,caterbate,1,1,e3b4747a,Masterbating to a cat
7356583,Pussy hound,49,13,86a161ce,Dog that is 1/16th cat.
7418106,~-[     ]:3,3,0,edf5a7ac,Nyan cat.
7480197,commendable,0,23,aac5695,cats pajamas
7547447,toxoplasmosis,4,0,aba060af,Flu-like cat shit disease
7582095,she cat,2,0,fbf5825d,A female cat
7582105,Tom cat,23,4,fbf5825d,Male cat
7585430,meowlo,3,1,f6eff94c,A cat that says yolo.
7640662,Gericatric,1,0,c69f3556,An elderly cat
7722362,Pussy,14,11,46c2063b,It's a cat you fucking pervs!
7727397,casthma,1,0,4eae281b,Cat asthma
7737981,Diddle,1,6,dd90199b,The fat on a cat's belly.
7742841,catspamming,0,0,ebe6013a,spamming the internet with cat pictures
7760185,jurre,16,1,2060f2fc,A Dutch man who enjoys cats.
7803624,Shandor,2,1,b98d745c,A cat licking man beast.
7803952,ccttm,0,0,feeb8fc9,copy cat to the max
7842070,Pussy,7,1,7a93364e,A slang term for a cat.
7844955,old one brown eye,0,0,224dad17,the butthole of a cat
7873579,Pussy,12,3,ef25f655,A cat
7874978,01100011 01100001 01110100,17,1,ddb2dcbb,Binary for [cat].
7906142,wet pussy,185,182,855d42b,A punished cat
7921144,cattire,88,0,d2d4085a,"Or, 'cat-tire'. Clothing/accessories containing cats."
7932344,Pussy,0,2,224d0814,Canadian for kitten or Cat
7932346,Pussy,1,1,224d0814,Canadian for kitten or Cat
7947970,Uncatted,0,0,f90fd406,Without a cat.
7971493,farres,8,3,4beffbd0,A cats ass
8000574,Scrotum Cat,1,0,d74ab6b9,another name for the [Sphynx] cats
8045259,Meowfie,3,1,4db7fb03,Taking a selfie with a cat
8052162,Gumball,15,15,f761878f,A blue cat.
8112359,kittyclops,1,0,f543198c,a one eyed cat.
8196512,Felinophobia,0,0,8486e7a2,Irrational fear of cats in particular
8210724,koala,3,1,c27fc86d,heavy tree cats
8235009,Niptonite,0,0,35898234,Cat's kryptonite.
8245347,meowtain,1,0,2e8ba169,A pile of cats.
8274467,dumply,0,0,328c85ea,A cat who eats dogs
8283315,Bambu,1,0,a2b1bd6c,A high class cat
8283316,Bambu,1,0,a2b1bd6c,A high class cat
8295372,ranga,2,1,670ccc38,A very fuzzy puddy cat
8297625,Cats,2,1,817d202,Cats are the best animals ever
8307209,Rusty Purrbox,0,0,f96cc9ee,"(N.) An old, happy cat."
8323030,pussy cat,10,7,d749c4d8,a cat
8344846,String,8,5,a9740ac8,A cats weakness
8382124,Pussy,1,2,8d147896,A alternate word for a cat.
8386066,cat selfie,5,1,c4287de8,A selfie taken with your cat
8417896,Anti-vaxxer,13,7,5364f9ba,See crazy cat lady
8535574,Pussy,1,1,c7e21baa,a cat
8535994,meow,1,0,69817ea,What a kitten or cat says
8588314,meowntain,1,0,27c11e61,A pile of kittens and/or cats.
8642587,mewber,0,0,f016399f,Uber for cats
8643741,zsmiff,0,0,ce493b89,The raper of cats
8803799,Monsieur Fluff,0,0,c7c77cb1,Something to call a cat.
8853870,kitten caboodle,0,0,d32a58c9,Cat orgy
8889606,cat fag,0,0,3c0467e4,Someone who really really loves cats.
8978251,MEOW,0,0,b49d3a23,A sound that a cat makes
8978254,MEOW,0,0,b49d3a23,A sound cats make
8978256,MEOW,0,0,b49d3a23,A sound cats make
8990889,Whiskas,0,0,a7b9c77c,A name given to awesome cats!
